{"cameraMode":{"drawMode":0,"name":"Shaded","section":"Shading Mode"},"sceneLighting":true,"audioPlay":false,"sceneViewState":{"m_AlwaysRefresh":false,"showFog":true,"showSkybox":true,"showFlares":true,"showImageEffects":true,"showParticleSystems":true,"showVisualEffectGraphs":true,"m_FxEnabled":true},"in2DMode":false,"pivot":{"x":32.65108108520508,"y":17.958423614501954,"z":37.19037628173828},"rotation":{"x":-0.0071946317330002789,"y":0.9707205891609192,"z":-0.02944011427462101,"w":-0.23846067488193513},"size":28.712970733642579,"orthographic":false}